Symbol,EntryDate,Price,EntryType,DailyUpperLine,DailyLowerLine,WeeklyUpperLine,WeeklyLowerLine,EMA9,EMA30,EMA200
GRAPHITE,2026-09-23,812.8,D✅W🔔,874.35,706.8,874.35,605.1,803.3,755.9,667.2
SHYAMMETL,2026-09-23,1097.5,W✅D🔔,1114.5,1019.0,1114.5,965.15,1078.45,1054.56,938.74
RBLBANK,2026-09-24,428.0,W✅D🔔,429.6,395.65,429.6,347.85,413.83,401.29,348.35
SAREGAMA,2026-09-24,507.0,W✅D🔔,517.2,475.2,574.5,470.15,497.97,499.25,436.08
LLOYDSME,2026-10-07,1858.2,W✅D🔔,1918.8,1765.0,2125.0,1741.0,1829.22,1838.44,1621.84
RRKABEL,2026-10-08,2722.5,W✅D🔔,2806.8,2378.1,2983.8,2340.2,2610.58,2565.73,2044.35
MOTILALOFS,2026-10-08,1067.9,W✅D🔔,1090.25,965.05,1090.25,835.1,1028.93,1008.26,908.86
JSWINFRA,2026-10-08,353.9,W✅D🔔,375.5,322.8,375.5,310.1,356.33,348.01,305.19
BELRISE,2026-10-08,246.31,W✅D🔔,254.28,225.01,268.2,222.75,239.78,237.83,210.0
THELEELA,2026-10-08,602.45,W✅D🔔,607.25,520.2,607.25,463.1,571.62,550.57,475.62
NETWEB,2026-10-09,4715.1,W✅D🔔,4903.0,4453.0,5813.0,4129.4,4681.02,4775.96,4165.7
FINCABLES,2026-10-09,1402.2,W✅D🔔,1499.0,1357.7,1499.0,967.0,1445.2,1376.51,1049.74
